{
  "fio version" : "fio-3.35",
  "timestamp" : 1749060974,
  "timestamp_ms" : 1749060974447,
  "time" : "Wed Jun  4 21:16:14 2025",
  "global options" : {
    "ioengine" : "libaio",
    "direct" : "1",
    "invalidate" : "1"
  },
  "jobs" : [
    {
      "jobname" : "SeqWr4Md32t60",
      "groupid" : 0,
      "error" : 0,
      "eta" : 0,
      "elapsed" : 58,
      "job options" : {
        "name" : "SeqWr4Md32t60",
        "bs" : "4M",
        "iodepth" : "32",
        "rw" : "write",
        "runtime" : "600",
        "filename" : "/dev/nvme0n1"
      },
      "read" : {
        "io_bytes" : 0,
        "io_kbytes" : 0,
        "bw_bytes" : 0,
        "bw" : 0,
        "iops" : 0.000000,
        "runtime" : 0,
        "total_ios" : 0,
        "short_ios" : 0,
        "drop_ios" : 0,
        "slat_ns" : {
          "min" : 0,
          "max" : 0,
          "mean" : 0.000000,
          "stddev" : 0.000000,
          "N" : 0
        },
        "clat_ns" : {
          "min" : 0,
          "max" : 0,
          "mean" : 0.000000,
          "stddev" : 0.000000,
          "N" : 0
        },
        "lat_ns" : {
          "min" : 0,
          "max" : 0,
          "mean" : 0.000000,
          "stddev" : 0.000000,
          "N" : 0
        },
        "bw_min" : 0,
        "bw_max" : 0,
        "bw_agg" : 0.000000,
        "bw_mean" : 0.000000,
        "bw_dev" : 0.000000,
        "bw_samples" : 0,
        "iops_min" : 0,
        "iops_max" : 0,
        "iops_mean" : 0.000000,
        "iops_stddev" : 0.000000,
        "iops_samples" : 0
      },
      "write" : {
        "io_bytes" : 214748364800,
        "io_kbytes" : 209715200,
        "bw_bytes" : 3763883354,
        "bw" : 3675667,
        "iops" : 897.379721,
        "runtime" : 57055,
        "total_ios" : 51200,
        "short_ios" : 0,
        "drop_ios" : 0,
        "slat_ns" : {
          "min" : 214324,
          "max" : 970460,
          "mean" : 527970.551426,
          "stddev" : 91289.038180,
          "N" : 51200
        },
        "clat_ns" : {
          "min" : 10138416,
          "max" : 71139115,
          "mean" : 35122089.799629,
          "stddev" : 3034073.280370,
          "N" : 51200,
          "percentile" : {
            "1.000000" : 25821184,
            "5.000000" : 32636928,
            "10.000000" : 32899072,
            "20.000000" : 33423360,
            "30.000000" : 33816576,
            "40.000000" : 34340864,
            "50.000000" : 34865152,
            "60.000000" : 35389440,
            "70.000000" : 35913728,
            "80.000000" : 36438016,
            "90.000000" : 37486592,
            "95.000000" : 38535168,
            "99.000000" : 44826624,
            "99.500000" : 50069504,
            "99.900000" : 56885248,
            "99.950000" : 60555264,
            "99.990000" : 66846720
          },
          "bins" : {
            "10158080" : 1,
            "10551296" : 1,
            "10682368" : 1,
            "10813440" : 1,
            "11206656" : 1,
            "11468800" : 1,
            "11599872" : 2,
            "11730944" : 2,
            "11862016" : 2,
            "11993088" : 1,
            "12124160" : 1,
            "12386304" : 1,
            "12517376" : 4,
            "12648448" : 7,
            "12779520" : 8,
            "12910592" : 9,
            "13041664" : 2,
            "13172736" : 1,
            "13303808" : 2,
            "13434880" : 2,
            "13565952" : 2,
            "13697024" : 3,
            "13828096" : 1,
            "13959168" : 1,
            "14090240" : 1,
            "14221312" : 4,
            "14352384" : 2,
            "14483456" : 3,
            "14614528" : 4,
            "14745600" : 4,
            "14876672" : 3,
            "15007744" : 3,
            "15138816" : 2,
            "15269888" : 3,
            "15400960" : 3,
            "15532032" : 3,
            "15663104" : 1,
            "15794176" : 4,
            "15925248" : 4,
            "16056320" : 5,
            "16187392" : 6,
            "16318464" : 5,
            "16449536" : 4,
            "16580608" : 5,
            "16711680" : 5,
            "16908288" : 6,
            "17170432" : 9,
            "17432576" : 6,
            "17694720" : 8,
            "17956864" : 13,
            "18219008" : 9,
            "18481152" : 10,
            "18743296" : 12,
            "19005440" : 6,
            "19267584" : 13,
            "19529728" : 13,
            "19791872" : 7,
            "20054016" : 12,
            "20316160" : 12,
            "20578304" : 13,
            "20840448" : 10,
            "21102592" : 12,
            "21364736" : 13,
            "21626880" : 15,
            "21889024" : 8,
            "22151168" : 10,
            "22413312" : 13,
            "22675456" : 12,
            "22937600" : 12,
            "23199744" : 12,
            "23461888" : 18,
            "23724032" : 10,
            "23986176" : 5,
            "24248320" : 11,
            "24510464" : 17,
            "24772608" : 9,
            "25034752" : 13,
            "25296896" : 14,
            "25559040" : 13,
            "25821184" : 9,
            "26083328" : 7,
            "26345472" : 12,
            "26607616" : 15,
            "26869760" : 17,
            "27131904" : 12,
            "27394048" : 14,
            "27656192" : 11,
            "27918336" : 9,
            "28180480" : 10,
            "28442624" : 9,
            "28704768" : 11,
            "28966912" : 12,
            "29229056" : 19,
            "29491200" : 15,
            "29753344" : 9,
            "30015488" : 10,
            "30277632" : 16,
            "30539776" : 32,
            "30801920" : 56,
            "31064064" : 79,
            "31326208" : 113,
            "31588352" : 134,
            "31850496" : 200,
            "32112640" : 364,
            "32374784" : 730,
            "32636928" : 1124,
            "32899072" : 1757,
            "33161216" : 2454,
            "33423360" : 3040,
            "33816576" : 7310,
            "34340864" : 6205,
            "34865152" : 4520,
            "35389440" : 3631,
            "35913728" : 4113,
            "36438016" : 4616,
            "36962304" : 2985,
            "37486592" : 2209,
            "38010880" : 1517,
            "38535168" : 878,
            "39059456" : 459,
            "39583744" : 317,
            "40108032" : 221,
            "40632320" : 212,
            "41156608" : 146,
            "41680896" : 103,
            "42205184" : 94,
            "42729472" : 101,
            "43253760" : 89,
            "43778048" : 52,
            "44302336" : 57,
            "44826624" : 61,
            "45350912" : 32,
            "45875200" : 19,
            "46399488" : 27,
            "46923776" : 30,
            "47448064" : 24,
            "47972352" : 25,
            "48496640" : 21,
            "49020928" : 21,
            "49545216" : 22,
            "50069504" : 25,
            "50593792" : 25,
            "51118080" : 11,
            "51642368" : 22,
            "52166656" : 16,
            "52690944" : 23,
            "53215232" : 16,
            "53739520" : 12,
            "54263808" : 25,
            "54788096" : 9,
            "55312384" : 10,
            "55836672" : 15,
            "56360960" : 11,
            "56885248" : 5,
            "57409536" : 8,
            "57933824" : 6,
            "58458112" : 3,
            "58982400" : 4,
            "59506688" : 1,
            "60030976" : 3,
            "60555264" : 1,
            "61079552" : 2,
            "61603840" : 3,
            "62128128" : 2,
            "62652416" : 2,
            "63176704" : 1,
            "63700992" : 1,
            "64225280" : 2,
            "64749568" : 2,
            "65798144" : 2,
            "66322432" : 1,
            "66846720" : 2,
            "67633152" : 2,
            "68681728" : 1,
            "69730304" : 1,
            "70778880" : 1
          }
        },
        "lat_ns" : {
          "min" : 10708541,